userid,username
34321167,黑盒小帕
76264767,Ciallo学长
79995259,小花园战神
65779867,七分糖少冰加料
45369123,da2333
68711940,A恋恋
24632317,结城明日奈゚
56827695,Elysia
67739305,憧憬成为妹卡糕手
78534953,Elysia
69295658,来杯日式豆浆
67605024,妃爱_Hiyori
70846476,THELASTAUTUMN
72878396,有地将臣_Official
68262634,可燃冰ice
78196865,映仙
57696683,柚子社official
74731489,肘宫可
67630560,陽見恵凪
72266683,nanami_official
76277746,某不知名铁路人偶
75972863,-小绫-
81339652,ShirleyWarwick
45251727,不要在做的时候表白啊
77871403,漫一_Official
81630953,yuuloo
85037948,four
35216211,电電将军
62393030,可可爱爱あめり
30913645,假面愚者小花火
77738657,穗织小幼刀
76685556,AlertKarma
83240538,能美库特_official
82921072,不不上上早八
63618196,忘玄e
73497075,白雪乃爱品阅本子版
66982399,断雪星回
82578965,穗织小幼刀w
44778321,€λ
69480387,封Seal
67600930,sola
70661717,不抽香烟吃香菜版
62220455,呀那么起来
56752760,快给我摸你穷
70078610,绫华趴窝
63491167,娶东北雨享带派人生
70134879,米库不吃米
73619786,kuruMi
61259916,日出东方
61310773,晓天233
59951103,Aezlyn
32289714,手中的丛雨丸开始取消
70757685,樱庭瑠莉_official
84392488,玩家84392488
82325723,0d00卡哇伊
81557030,辰星誓约
75440329,阿然君
52765374,沐琳OvO
74833864,iwrbathy
30506824,小珈又堕落了
28259425,那边见
57030579,要加油了
67313026,我有超级爱梓病
64652903,吾輩は守護者
66899823,长安chan
63282851,てんどう万象
81322067,Dr衣架
80384915,渺望星尘
60542026,真真真的不想取名
67693568,nananaa
56804259,Cloud09_Official
44755660,和泉妃爱_official
77825796,RebeccaKruger
60357374,姬野永远official
66506975,今晚谁做饭
21006918,ytwangyao
78257264,みき
44506627,甲文
44195615,无-光之影
80491396,AdobePhotoshop
50319407,灵梦小猫娘
49674508,柚子厨414
71864003,淘宝用户71864003
73859904,沈言喵
68725971,misuzu-观海之铃
12416317,珂朵莉0
50439910,世一病
16472872,zoombie
18916203,格蕾的伦敦生活
56252264,-Asher
21750748,憧憬成为幸运星
34318072,anan1234
59843085,凡
74384774,浮生醉梦天下
75781499,本子才
78741495,暮暮彻彻子
69105923,鹿良冷花
46848866,爱摸幼刀的钢板
76010577,秋日的幸福
29528005,忻州师范学院招生办
24544524,罗联网安Dandelion
43040255,废物的咸鱼
52640128,逆转结局、
47092340,柚子家的缪缪
47119447,小小机兵
62933053,綾地寧々天下第一
53281261,蓮見瑠衣
27546315,乔魑风-乔斯达
58158356,糸　いと
82528538,吃大枣补身体
63480906,玩家63480906
79561286,冰淇淋企鹅
74620024,翼条闲余
70039899,ニコニコ公式
48409590,Cydream
66296067,uvxouao
13512620,serch
14413572,User2
60801863,猪猪虾仁
